date_noumea,reseau,campagne,format,mode,statut,buffer_id,visuels
2026-10-08 12:00,facebook,provinciales-2026-geographie-forces-politiques,portrait-4x5 (8),automatique,programme,6ac5c7b653551104161ef793,articles/provinciales-2026-geographie-forces-politiques/portrait-4x5
2026-10-09 12:00,instagram,provinciales-2026-geographie-forces-politiques,portrait-4x5 (8),automatique,programme,6ac5c7b536c2a7788dcd3fc3,articles/provinciales-2026-geographie-forces-politiques/portrait-4x5
2026-10-10 19:00,tiktok,provinciales-2026-geographie-forces-politiques,vidéo muette 42 s et outro ; son ajouté dans TikTok,rappel (son dans l'app),programme,6ac5c7b753551104161ef7cf,articles/provinciales-2026-geographie-forces-politiques/video/provinciales-2026-geographie-muet.mp4
2026-10-11 12:00,instagram,presentation-contours-nc,portrait-4x5 (7),automatique,programme,6ac9ac4db07d37ac975c2b56,campagnes/presentation-contours-nc/portrait-4x5
2026-10-12 12:00,facebook,appel-contributions,portrait-4x5 (6),automatique,programme,6ac9ac4ec4de2d2b12136170,campagnes/appel-contributions/portrait-4x5
2026-10-13 12:00,instagram,pacific-climate-fingerprints,portrait-4x5 (6),automatique,programme,6ac5c7d2203d24e39e0bb355,articles/pacific-climate-fingerprints/portrait-4x5
2026-10-14 19:00,tiktok,pacific-climate-fingerprints,"vidéo muette 32,5 s et outro ; son ajouté dans TikTok",rappel (son dans l'app),programme,6ac5c7d336c2a7788dcd4bc7,articles/pacific-climate-fingerprints/video/empreintes-climatiques-muet.mp4
2026-10-15 12:00,facebook,concentration-population-noumea-pacifique,portrait-4x5 (8),automatique,programme,6ac9653df91f772d45738c9b,articles/concentration-population-noumea-pacifique/portrait-4x5
2026-10-16 12:00,instagram,concentration-population-noumea-pacifique,portrait-4x5 (8),automatique,programme,6ac96559ed92ed8fa5ac3914,articles/concentration-population-noumea-pacifique/portrait-4x5
2026-10-17 12:00,facebook,provinciales-2026-geographie-forces-politiques,"extrait : écran 03, Nouméa par secteur (1)",automatique,programme,6ac9ac4fbba9419ccbeae959,articles/provinciales-2026-geographie-forces-politiques/portrait-4x5/provinciales-2026-geographie-03.png
2026-10-18 19:00,tiktok,concentration-population-noumea-pacifique,"vidéo muette 44 s : carte animée, écrans et outro ; son Gurejele ajouté dans TikTok",rappel (son dans l'app),programme,6ac9655bd9cab260a7a50314,articles/concentration-population-noumea-pacifique/video/concentration-grand-noumea-muet.mp4
2026-10-19 12:00,instagram,appel-contributions,portrait-4x5 (6),automatique,programme,6ac9ac50b07d37ac975c2bb6,campagnes/appel-contributions/portrait-4x5
2026-10-21 19:00,tiktok,appel-contributions,vidéo muette 37 s et outro ; son ajouté dans TikTok,rappel (son dans l'app),programme,6ac9ac55b07d37ac975c2c37,campagnes/appel-contributions/video/appel-contributions-muet.mp4
2026-10-22 12:00,facebook,disparites-territoriales-nouvelle-caledonie,portrait-4x5 (6),automatique,programme,6ac96584d9cab260a7a50998,articles/disparites-territoriales-nouvelle-caledonie/portrait-4x5
2026-10-23 12:00,instagram,disparites-territoriales-nouvelle-caledonie,portrait-4x5 (6),automatique,programme,6ac96585bba9419ccbe14e34,articles/disparites-territoriales-nouvelle-caledonie/portrait-4x5
2026-10-24 12:00,facebook,pacific-climate-fingerprints,portrait-4x5 (6),automatique,programme,6ac9ac56c4de2d2b1213631a,articles/pacific-climate-fingerprints/portrait-4x5
2026-10-25 19:00,tiktok,disparites-territoriales-nouvelle-caledonie,"vidéo muette 35,5 s et outro ; son Gurejele ajouté dans TikTok",rappel (son dans l'app),programme,6ac9658ac4de2d2b12099228,articles/disparites-territoriales-nouvelle-caledonie/video/disparites-territoriales-muet.mp4
2026-10-27 12:00,instagram,concentration-population-noumea-pacifique,Reel : vidéo muette 44 s ; son ajouté dans Instagram,rappel (son dans l'app),programme,6ac9ac5abba9419ccbeaea3e,articles/concentration-population-noumea-pacifique/video/concentration-grand-noumea-muet.mp4
2026-10-29 12:00,facebook,disparites-territoriales-nouvelle-caledonie,"extrait : écran 04, origine et diplômes (1)",automatique,programme,6ac9ac5bc4de2d2b121363b4,articles/disparites-territoriales-nouvelle-caledonie/portrait-4x5/disparites-territoriales-04.png
2026-10-30 12:00,instagram,pacific-climate-fingerprints,"extrait : écran 05, empreinte de la Nouvelle-Calédonie (1)",automatique,programme,6ac9ac5ced92ed8fa5b5e4ea,articles/pacific-climate-fingerprints/portrait-4x5/empreintes-climatiques-05.png
