province,annee,force,force_label,force_short,couleur,ordre,voix,base,score,bureaux,score_2019,score_2026,evolution_points
Province Nord,2019,autres_ind_nord,Autres listes indépendantistes,Autres indép.,#b6483b,4,1396,25221,5.535069981364736,92,5.535069981364736,4.748945956305097,-0.7861240250596389
Province Nord,2019,bloc_independantiste,Bloc indépendantiste,Indépendantistes,#2f925d,1,20174,25221,79.98889814043852,92,79.98889814043852,80.39862016098122,0.4097220205427021
Province Nord,2019,non_ind_nord,Listes non-indépendantistes,Non-indép.,#305f9f,5,5047,25221,20.011101859561478,92,20.011101859561478,16.33192794174013,-3.6791739178213483
Province Nord,2019,participation,Participation,Participation,#d18b24,6,25754,39903,64.54151316943589,92,64.54151316943589,61.604258187481115,-2.937254981954773
Province Nord,2019,uc_flnks,Union calédonienne – FLNKS,UC-FLNKS,#3b7e4f,2,9069,25221,35.95813012965386,92,35.95813012965386,39.93100804906094,3.9728779194070825
Province Nord,2019,uni_palika,UNI – Palika,UNI-Palika,#f0c52f,3,9709,25221,38.49569802941993,92,38.49569802941993,35.718666155615175,-2.777031873804752
Province Nord,2026,autres_ind_nord,Autres listes indépendantistes,Autres indép.,#b6483b,4,1239,26090,4.748945956305097,95,5.535069981364736,4.748945956305097,-0.7861240250596389
Province Nord,2026,bloc_independantiste,Bloc indépendantiste,Indépendantistes,#2f925d,1,20976,26090,80.39862016098122,95,79.98889814043852,80.39862016098122,0.4097220205427021
Province Nord,2026,non_ind_nord,Listes non-indépendantistes,Non-indép.,#305f9f,5,4261,26090,16.33192794174013,95,20.011101859561478,16.33192794174013,-3.6791739178213483
Province Nord,2026,participation,Participation,Participation,#d18b24,6,26504,43023,61.604258187481115,95,64.54151316943589,61.604258187481115,-2.937254981954773
Province Nord,2026,uc_flnks,Union calédonienne – FLNKS,UC-FLNKS,#3b7e4f,2,10418,26090,39.93100804906094,95,35.95813012965386,39.93100804906094,3.9728779194070825
Province Nord,2026,uni_palika,UNI – Palika,UNI-Palika,#f0c52f,3,9319,26090,35.718666155615175,95,38.49569802941993,35.718666155615175,-2.777031873804752
Province Sud,2019,bloc_independantiste,Vote indépendantiste,Indépendantistes,#2f925d,1,13848,70959,19.51549486323088,148,19.51549486323088,20.93977659057795,1.4242817273470685
Province Sud,2019,centre_non_ind,Centre non-indépendantiste,Centre,#67a9cf,3,13122,70959,18.492368832706212,148,18.492368832706212,12.094463331714424,-6.397905500991788
Province Sud,2019,droite_nationale,Droite nationale,Droite nationale,#7a4a28,5,2707,70959,3.8148790146422584,148,3.8148790146422584,2.288732394366197,-1.5261466202760614
Province Sud,2019,loyaliste,Droite loyaliste,Loyalistes,#305f9f,2,28802,70959,40.5896362688313,148,40.5896362688313,50.138416707139385,9.548780438308086
Province Sud,2019,oceanien,Éveil océanien,Éveil océanien,#16a5ad,4,6077,70959,8.564100396003326,148,8.564100396003326,10.197911607576494,1.6338112115731676
Province Sud,2019,participation,Participation,Participation,#d18b24,6,72907,108444,67.23009110693077,148,67.23009110693077,65.94438907244489,-1.2857020344858796
Province Sud,2026,bloc_independantiste,Vote indépendantiste,Indépendantistes,#2f925d,1,17246,82360,20.93977659057795,153,19.51549486323088,20.93977659057795,1.4242817273470685
Province Sud,2026,centre_non_ind,Centre non-indépendantiste,Centre,#67a9cf,3,9961,82360,12.094463331714424,153,18.492368832706212,12.094463331714424,-6.397905500991788
Province Sud,2026,droite_nationale,Droite nationale,Droite nationale,#7a4a28,5,1885,82360,2.288732394366197,153,3.8148790146422584,2.288732394366197,-1.5261466202760614
Province Sud,2026,loyaliste,Droite loyaliste,Loyalistes,#305f9f,2,41294,82360,50.138416707139385,153,40.5896362688313,50.138416707139385,9.548780438308086
Province Sud,2026,oceanien,Éveil océanien,Éveil océanien,#16a5ad,4,8399,82360,10.197911607576494,153,8.564100396003326,10.197911607576494,1.6338112115731676
Province Sud,2026,participation,Participation,Participation,#d18b24,6,84027,127421,65.94438907244489,153,67.23009110693077,65.94438907244489,-1.2857020344858796
Province des Iles,2019,autres_ind_iles,Autres listes indépendantistes,Autres indép.,#b6483b,5,2978,13983,21.29728956590145,46,21.29728956590145,11.912513565406128,-9.384776000495323
Province des Iles,2019,bloc_independantiste,Bloc indépendantiste,Indépendantistes,#2f925d,1,12670,13983,90.61002646070229,46,90.61002646070229,97.74605559729527,7.136029136592981
Province des Iles,2019,dynamique_autochtone,Dynamique autochtone,Dyn. autochtone,#d18b24,4,1536,13983,10.984767217335335,46,10.984767217335335,32.181317305284246,21.19655008794891
Province des Iles,2019,non_ind_iles,Listes non-indépendantistes,Non-indép.,#305f9f,6,1313,13983,9.389973539297719,46,9.389973539297719,2.2539444027047333,-7.1360291365929855
Province des Iles,2019,participation,Participation,Participation,#8a6b34,7,14099,21205,66.48903560481018,46,66.48903560481018,54.92237360249853,-11.566662002311652
Province des Iles,2019,uc_flnks,Union calédonienne – FLNKS,UC-FLNKS,#3b7e4f,2,5186,13983,37.087892440820994,46,37.087892440820994,32.94098004841806,-4.146912392402932
Province des Iles,2019,uni_palika,UNI – Palika,UNI-Palika,#f0c52f,3,2970,13983,21.240077236644495,46,21.240077236644495,20.711244678186826,-0.528832558457669
Province des Iles,2026,autres_ind_iles,Autres listes indépendantistes,Autres indép.,#b6483b,5,1427,11979,11.912513565406128,49,21.29728956590145,11.912513565406128,-9.384776000495323
Province des Iles,2026,bloc_independantiste,Bloc indépendantiste,Indépendantistes,#2f925d,1,11709,11979,97.74605559729527,49,90.61002646070229,97.74605559729527,7.136029136592981
Province des Iles,2026,dynamique_autochtone,Dynamique autochtone,Dyn. autochtone,#d18b24,4,3855,11979,32.181317305284246,49,10.984767217335335,32.181317305284246,21.19655008794891
Province des Iles,2026,non_ind_iles,Listes non-indépendantistes,Non-indép.,#305f9f,6,270,11979,2.2539444027047333,49,9.389973539297719,2.2539444027047333,-7.1360291365929855
Province des Iles,2026,participation,Participation,Participation,#8a6b34,7,12134,22093,54.92237360249853,49,66.48903560481018,54.92237360249853,-11.566662002311652
Province des Iles,2026,uc_flnks,Union calédonienne – FLNKS,UC-FLNKS,#3b7e4f,2,3946,11979,32.94098004841806,49,37.087892440820994,32.94098004841806,-4.146912392402932
Province des Iles,2026,uni_palika,UNI – Palika,UNI-Palika,#f0c52f,3,2481,11979,20.711244678186826,49,21.240077236644495,20.711244678186826,-0.528832558457669
