province,annee,commune,force,force_label,couleur,ordre,voix,base,score,inscrits,votants,exprimes,score_2019,score_2026,evolution_points
Province Nord,2019,Bélep,autres_ind_nord,Autres listes indépendantistes,#b6483b,4,48,487,9.856262833675565,912,490,487,9.856262833675565,1.9184652278177459,-7.937797605857819
Province Nord,2019,Bélep,bloc_independantiste,Bloc indépendantiste,#2f925d,1,475,487,97.53593429158111,912,490,487,97.53593429158111,98.56115107913669,1.0252167875555784
Province Nord,2019,Bélep,non_ind_nord,Listes non-indépendantistes,#305f9f,5,12,487,2.4640657084188913,912,490,487,2.4640657084188913,0,-2.4640657084188913
Province Nord,2019,Bélep,participation,Participation,#d18b24,6,490,912,53.728070175438596,912,490,487,53.728070175438596,44.314558979808716,-9.41351119562988
Province Nord,2019,Bélep,uc_flnks,Union calédonienne – FLNKS,#3b7e4f,2,234,487,48.049281314168375,912,490,487,48.049281314168375,63.78896882494005,15.739687510771674
Province Nord,2019,Bélep,uni_palika,UNI – Palika,#f0c52f,3,193,487,39.630390143737166,912,490,487,39.630390143737166,32.853717026378895,-6.776673117358271
Province Nord,2019,Canala,autres_ind_nord,Autres listes indépendantistes,#b6483b,4,55,2077,2.6480500722195472,3384,2158,2077,2.6480500722195472,2.5041736227045077,-0.14387644951503953
Province Nord,2019,Canala,bloc_independantiste,Bloc indépendantiste,#2f925d,1,1973,2077,94.99277804525758,3384,2158,2077,94.99277804525758,94.53255425709516,-0.4602237881624234
Province Nord,2019,Canala,non_ind_nord,Listes non-indépendantistes,#305f9f,5,104,2077,5.007221954742417,3384,2158,2077,5.007221954742417,1.4607679465776293,-3.5464540081647877
Province Nord,2019,Canala,participation,Participation,#d18b24,6,2158,3384,63.77068557919622,3384,2158,2077,63.77068557919622,67.24854530340815,3.477859724211932
Province Nord,2019,Canala,uc_flnks,Union calédonienne – FLNKS,#3b7e4f,2,1232,2077,59.31632161771786,3384,2158,2077,59.31632161771786,55.30050083472454,-4.015820782993323
Province Nord,2019,Canala,uni_palika,UNI – Palika,#f0c52f,3,686,2077,33.02840635532017,3384,2158,2077,33.02840635532017,36.72787979966611,3.6994734443459407
Province Nord,2019,Hienghène,autres_ind_nord,Autres listes indépendantistes,#b6483b,4,25,1520,1.644736842105263,2404,1530,1520,1.644736842105263,2.912621359223301,1.267884517118038
Province Nord,2019,Hienghène,bloc_independantiste,Bloc indépendantiste,#2f925d,1,1478,1520,97.23684210526316,2404,1530,1520,97.23684210526316,94.9375866851595,-2.2992554201036626
Province Nord,2019,Hienghène,non_ind_nord,Listes non-indépendantistes,#305f9f,5,42,1520,2.763157894736842,2404,1530,1520,2.763157894736842,1.941747572815534,-0.821410321921308
Province Nord,2019,Hienghène,participation,Participation,#d18b24,6,1530,2404,63.643926788685526,2404,1530,1520,63.643926788685526,58.99193548387097,-4.651991304814558
Province Nord,2019,Hienghène,uc_flnks,Union calédonienne – FLNKS,#3b7e4f,2,858,1520,56.44736842105263,2404,1530,1520,56.44736842105263,69.83356449375867,13.386196072706042
Province Nord,2019,Hienghène,uni_palika,UNI – Palika,#f0c52f,3,595,1520,39.14473684210526,2404,1530,1520,39.14473684210526,22.191400832177532,-16.953336009927728
Province Nord,2019,Houaïlou,autres_ind_nord,Autres listes indépendantistes,#b6483b,4,185,2031,9.10881339241753,3579,2104,2031,9.10881339241753,4.645476772616137,-4.463336619801392
Province Nord,2019,Houaïlou,bloc_independantiste,Bloc indépendantiste,#2f925d,1,1764,2031,86.85376661742984,3579,2104,2031,86.85376661742984,92.51833740831296,5.664570790883118
Province Nord,2019,Houaïlou,non_ind_nord,Listes non-indépendantistes,#305f9f,5,267,2031,13.146233382570163,3579,2104,2031,13.146233382570163,4.792176039119805,-8.354057343450357
Province Nord,2019,Houaïlou,participation,Participation,#d18b24,6,2104,3579,58.7873707739592,3579,2104,2031,58.7873707739592,56.41580942068219,-2.3715613532770163
Province Nord,2019,Houaïlou,uc_flnks,Union calédonienne – FLNKS,#3b7e4f,2,820,2031,40.37419990152634,3579,2104,2031,40.37419990152634,59.266503667481665,18.892303765955326
Province Nord,2019,Houaïlou,uni_palika,UNI – Palika,#f0c52f,3,759,2031,37.37075332348597,3579,2104,2031,37.37075332348597,28.60635696821516,-8.764396355270812
Province Nord,2019,Kaala-Gomen,autres_ind_nord,Autres listes indépendantistes,#b6483b,4,67,1035,6.473429951690822,1611,1044,1035,6.473429951690822,3.2541776605101145,-3.219252291180707
Province Nord,2019,Kaala-Gomen,bloc_independantiste,Bloc indépendantiste,#2f925d,1,868,1035,83.86473429951691,1611,1044,1035,83.86473429951691,84.43271767810026,0.5679833785833495
Province Nord,2019,Kaala-Gomen,non_ind_nord,Listes non-indépendantistes,#305f9f,5,167,1035,16.135265700483092,1611,1044,1035,16.135265700483092,13.280562884784521,-2.8547028156985714
Province Nord,2019,Kaala-Gomen,participation,Participation,#d18b24,6,1044,1611,64.80446927374301,1611,1044,1035,64.80446927374301,64.37744276940256,-0.4270265043404464
Province Nord,2019,Kaala-Gomen,uc_flnks,Union calédonienne – FLNKS,#3b7e4f,2,470,1035,45.410628019323674,1611,1044,1035,45.410628019323674,45.47053649956025,0.05990848023657236
Province Nord,2019,Kaala-Gomen,uni_palika,UNI – Palika,#f0c52f,3,331,1035,31.980676328502415,1611,1044,1035,31.980676328502415,35.708003518029905,3.7273271895274895
Province Nord,2019,Koné,autres_ind_nord,Autres listes indépendantistes,#b6483b,4,123,2851,4.31427569273939,4129,2919,2851,4.31427569273939,2.0453115166771556,-2.268964176062234
Province Nord,2019,Koné,bloc_independantiste,Bloc indépendantiste,#2f925d,1,2027,2851,71.0978603998597,4129,2919,2851,71.0978603998597,71.96349905601006,0.8656386561503666
Province Nord,2019,Koné,non_ind_nord,Listes non-indépendantistes,#305f9f,5,824,2851,28.902139600140302,4129,2919,2851,28.902139600140302,25.550660792951543,-3.3514788071887587
Province Nord,2019,Koné,participation,Participation,#d18b24,6,2919,4129,70.69508355534028,4129,2919,2851,70.69508355534028,66.39260020554984,-4.302483349790435
Province Nord,2019,Koné,uc_flnks,Union calédonienne – FLNKS,#3b7e4f,2,988,2851,34.65450719045949,4129,2919,2851,34.65450719045949,31.46633102580239,-3.1881761646571007
Province Nord,2019,Koné,uni_palika,UNI – Palika,#f0c52f,3,916,2851,32.12907751666082,4129,2919,2851,32.12907751666082,38.45185651353052,6.322778996869701
Province Nord,2019,Kouaoua,autres_ind_nord,Autres listes indépendantistes,#b6483b,4,23,730,3.1506849315068495,1109,738,730,3.1506849315068495,1.0130246020260492,-2.1376603294808003
Province Nord,2019,Kouaoua,bloc_independantiste,Bloc indépendantiste,#2f925d,1,501,730,68.63013698630137,1109,738,730,68.63013698630137,78.58176555716354,9.95162857086217
Province Nord,2019,Kouaoua,non_ind_nord,Listes non-indépendantistes,#305f9f,5,229,730,31.36986301369863,1109,738,730,31.36986301369863,20.839363241678726,-10.530499772019905
Province Nord,2019,Kouaoua,participation,Participation,#d18b24,6,738,1109,66.54643823264202,1109,738,730,66.54643823264202,58.66108786610879,-7.885350366533231
Province Nord,2019,Kouaoua,uc_flnks,Union calédonienne – FLNKS,#3b7e4f,2,274,730,37.534246575342465,1109,738,730,37.534246575342465,55.861070911722145,18.32682433637968
Province Nord,2019,Kouaoua,uni_palika,UNI – Palika,#f0c52f,3,204,730,27.945205479452056,1109,738,730,27.945205479452056,21.70767004341534,-6.2375354360367155
Province Nord,2019,Koumac,autres_ind_nord,Autres listes indépendantistes,#b6483b,4,58,1595,3.6363636363636362,2639,1654,1595,3.6363636363636362,1.405152224824356,-2.23121141153928
Province Nord,2019,Koumac,bloc_independantiste,Bloc indépendantiste,#2f925d,1,621,1595,38.93416927899686,2639,1654,1595,38.93416927899686,44.67213114754098,5.737961868544119
Province Nord,2019,Koumac,non_ind_nord,Listes non-indépendantistes,#305f9f,5,974,1595,61.06583072100314,2639,1654,1595,61.06583072100314,51.87353629976581,-9.192294421237328
Province Nord,2019,Koumac,participation,Participation,#d18b24,6,1654,2639,62.675255778704056,2639,1654,1595,62.675255778704056,60.110420979986195,-2.564834798717861
Province Nord,2019,Koumac,uc_flnks,Union calédonienne – FLNKS,#3b7e4f,2,293,1595,18.369905956112852,2639,1654,1595,18.369905956112852,20.60889929742389,2.238993341311037
Province Nord,2019,Koumac,uni_palika,UNI – Palika,#f0c52f,3,270,1595,16.927899686520377,2639,1654,1595,16.927899686520377,22.65807962529274,5.730179938772363
Province Nord,2019,Ouégoa,autres_ind_nord,Autres listes indépendantistes,#b6483b,4,69,1267,5.445935280189424,2130,1295,1267,5.445935280189424,1.4232209737827715,-4.022714306406653
Province Nord,2019,Ouégoa,bloc_independantiste,Bloc indépendantiste,#2f925d,1,928,1267,73.24388318863457,2130,1295,1267,73.24388318863457,71.83520599250936,-1.4086771961252111
Province Nord,2019,Ouégoa,non_ind_nord,Listes non-indépendantistes,#305f9f,5,339,1267,26.75611681136543,2130,1295,1267,26.75611681136543,27.191011235955056,0.43489442458962557
Province Nord,2019,Ouégoa,participation,Participation,#d18b24,6,1295,2130,60.798122065727696,2130,1295,1267,60.798122065727696,60.64690026954178,-0.15122179618591503
Province Nord,2019,Ouégoa,uc_flnks,Union calédonienne – FLNKS,#3b7e4f,2,451,1267,35.59589581689029,2130,1295,1267,35.59589581689029,33.93258426966292,-1.663311547227373
Province Nord,2019,Ouégoa,uni_palika,UNI – Palika,#f0c52f,3,408,1267,32.202052091554854,2130,1295,1267,32.202052091554854,36.47940074906367,4.277348657508817
Province Nord,2019,Poindimié,autres_ind_nord,Autres listes indépendantistes,#b6483b,4,95,2675,3.5514018691588785,4090,2714,2675,3.5514018691588785,3.302611367127496,-0.2487905020313823
Province Nord,2019,Poindimié,bloc_independantiste,Bloc indépendantiste,#2f925d,1,2217,2675,82.8785046728972,4090,2714,2675,82.8785046728972,80.72196620583718,-2.1565384670600167
Province Nord,2019,Poindimié,non_ind_nord,Listes non-indépendantistes,#305f9f,5,458,2675,17.121495327102803,4090,2714,2675,17.121495327102803,11.367127496159755,-5.754367830943048
Province Nord,2019,Poindimié,participation,Participation,#d18b24,6,2714,4090,66.35696821515893,4090,2714,2675,66.35696821515893,61.895867382675696,-4.461100832483233
Province Nord,2019,Poindimié,uc_flnks,Union calédonienne – FLNKS,#3b7e4f,2,536,2675,20.037383177570092,4090,2714,2675,20.037383177570092,22.311827956989248,2.274444779419156
Province Nord,2019,Poindimié,uni_palika,UNI – Palika,#f0c52f,3,1586,2675,59.28971962616822,4090,2714,2675,59.28971962616822,55.10752688172043,-4.182192744447789
Province Nord,2019,Ponérihouen,autres_ind_nord,Autres listes indépendantistes,#b6483b,4,106,1718,6.169965075669383,2605,1742,1718,6.169965075669383,22.77710109622412,16.607136020554734
Province Nord,2019,Ponérihouen,bloc_independantiste,Bloc indépendantiste,#2f925d,1,1540,1718,89.63911525029104,2605,1742,1718,89.63911525029104,91.83922046285018,2.200105212559137
Province Nord,2019,Ponérihouen,non_ind_nord,Listes non-indépendantistes,#305f9f,5,178,1718,10.360884749708964,2605,1742,1718,10.360884749708964,5.9074299634591965,-4.453454786249767
Province Nord,2019,Ponérihouen,participation,Participation,#d18b24,6,1742,2605,66.87140115163147,2605,1742,1718,66.87140115163147,62.020126723816624,-4.85127442781485
Province Nord,2019,Ponérihouen,uc_flnks,Union calédonienne – FLNKS,#3b7e4f,2,516,1718,30.034924330616995,2605,1742,1718,30.034924330616995,38.67235079171742,8.637426461100425
Province Nord,2019,Ponérihouen,uni_palika,UNI – Palika,#f0c52f,3,918,1718,53.43422584400466,2605,1742,1718,53.43422584400466,30.389768574908647,-23.04445726909601
Province Nord,2019,Pouembout,autres_ind_nord,Autres listes indépendantistes,#b6483b,4,21,954,2.20125786163522,1387,976,954,2.20125786163522,1.2411347517730495,-0.9601231098621705
Province Nord,2019,Pouembout,bloc_independantiste,Bloc indépendantiste,#2f925d,1,543,954,56.918238993710695,1387,976,954,56.918238993710695,50.88652482269504,-6.031714171015658
Province Nord,2019,Pouembout,non_ind_nord,Listes non-indépendantistes,#305f9f,5,411,954,43.081761006289305,1387,976,954,43.081761006289305,44.858156028368796,1.776395022079491
Province Nord,2019,Pouembout,participation,Participation,#d18b24,6,976,1387,70.36770007209806,1387,976,954,70.36770007209806,65.99539700805524,-4.372303064042825
Province Nord,2019,Pouembout,uc_flnks,Union calédonienne – FLNKS,#3b7e4f,2,300,954,31.446540880503143,1387,976,954,31.446540880503143,27.30496453900709,-4.141576341496052
Province Nord,2019,Pouembout,uni_palika,UNI – Palika,#f0c52f,3,222,954,23.270440251572328,1387,976,954,23.270440251572328,22.340425531914892,-0.9300147196574358
Province Nord,2019,Poum,autres_ind_nord,Autres listes indépendantistes,#b6483b,4,95,911,10.428100987925356,1381,918,911,10.428100987925356,5.72972972972973,-4.6983712581956265
Province Nord,2019,Poum,bloc_independantiste,Bloc indépendantiste,#2f925d,1,808,911,88.69374313940725,1381,918,911,88.69374313940725,88.32432432432432,-0.3694188150829234
Province Nord,2019,Poum,non_ind_nord,Listes non-indépendantistes,#305f9f,5,103,911,11.306256860592756,1381,918,911,11.306256860592756,9.513513513513514,-1.7927433470792415
Province Nord,2019,Poum,participation,Participation,#d18b24,6,918,1381,66.4735698769008,1381,918,911,66.4735698769008,61.61948650427913,-4.854083372621666
Province Nord,2019,Poum,uc_flnks,Union calédonienne – FLNKS,#3b7e4f,2,375,911,41.1635565312843,1381,918,911,41.1635565312843,41.945945945945944,0.7823894146616439
Province Nord,2019,Poum,uni_palika,UNI – Palika,#f0c52f,3,338,911,37.102085620197585,1381,918,911,37.102085620197585,40.648648648648646,3.546563028451061
Province Nord,2019,Pouébo,autres_ind_nord,Autres listes indépendantistes,#b6483b,4,245,1261,19.429024583663757,2301,1276,1261,19.429024583663757,10.310965630114566,-9.118058953549191
Province Nord,2019,Pouébo,bloc_independantiste,Bloc indépendantiste,#2f925d,1,1222,1261,96.90721649484536,2301,1276,1261,96.90721649484536,96.31751227495909,-0.5897042198862721
Province Nord,2019,Pouébo,non_ind_nord,Listes non-indépendantistes,#305f9f,5,39,1261,3.0927835051546393,2301,1276,1261,3.0927835051546393,2.127659574468085,-0.9651239306865542
Province Nord,2019,Pouébo,participation,Participation,#d18b24,6,1276,2301,55.45415036940461,2301,1276,1261,55.45415036940461,51.269246774864754,-4.184903594539854
Province Nord,2019,Pouébo,uc_flnks,Union calédonienne – FLNKS,#3b7e4f,2,557,1261,44.17129262490087,2301,1276,1261,44.17129262490087,45.90834697217676,1.7370543472758868
Province Nord,2019,Pouébo,uni_palika,UNI – Palika,#f0c52f,3,420,1261,33.30689928628073,2301,1276,1261,33.30689928628073,40.09819967266776,6.791300386387029
Province Nord,2019,Poya Nord,autres_ind_nord,Autres listes indépendantistes,#b6483b,4,46,1358,3.3873343151693667,2078,1392,1358,3.3873343151693667,9.404600811907983,6.017266496738616
Province Nord,2019,Poya Nord,bloc_independantiste,Bloc indépendantiste,#2f925d,1,969,1358,71.35493372606774,2078,1392,1358,71.35493372606774,76.65764546684709,5.302711740779344
Province Nord,2019,Poya Nord,non_ind_nord,Listes non-indépendantistes,#305f9f,5,389,1358,28.645066273932255,2078,1392,1358,28.645066273932255,19.688768606224627,-8.956297667707627
Province Nord,2019,Poya Nord,participation,Participation,#d18b24,6,1392,2078,66.98748796920115,2078,1392,1358,66.98748796920115,65.88235294117646,-1.1051350280246908
Province Nord,2019,Poya Nord,uc_flnks,Union calédonienne – FLNKS,#3b7e4f,2,573,1358,42.19440353460972,2078,1392,1358,42.19440353460972,47.02300405953992,4.828600524930202
Province Nord,2019,Poya Nord,uni_palika,UNI – Palika,#f0c52f,3,350,1358,25.77319587628866,2078,1392,1358,25.77319587628866,20.23004059539919,-5.543155280889472
Province Nord,2019,Touho,autres_ind_nord,Autres listes indépendantistes,#b6483b,4,19,1216,1.5625,1894,1238,1216,1.5625,2.5728987993138936,1.0103987993138936
Province Nord,2019,Touho,bloc_independantiste,Bloc indépendantiste,#2f925d,1,1049,1216,86.26644736842105,1894,1238,1216,86.26644736842105,88.76500857632934,2.4985612079082813
Province Nord,2019,Touho,non_ind_nord,Listes non-indépendantistes,#305f9f,5,167,1216,13.733552631578947,1894,1238,1216,13.733552631578947,9.176672384219554,-4.556880247359393
Province Nord,2019,Touho,participation,Participation,#d18b24,6,1238,1894,65.36430834213306,1894,1238,1216,65.36430834213306,60.12176560121765,-5.242542740915404
Province Nord,2019,Touho,uc_flnks,Union calédonienne – FLNKS,#3b7e4f,2,306,1216,25.164473684210527,1894,1238,1216,25.164473684210527,35.506003430531734,10.341529746321207
Province Nord,2019,Touho,uni_palika,UNI – Palika,#f0c52f,3,724,1216,59.53947368421053,1894,1238,1216,59.53947368421053,50.686106346483704,-8.853367337726823
Province Nord,2019,Voh,autres_ind_nord,Autres listes indépendantistes,#b6483b,4,116,1535,7.55700325732899,2270,1566,1535,7.55700325732899,3.8071065989847717,-3.7498966583442184
Province Nord,2019,Voh,bloc_independantiste,Bloc indépendantiste,#2f925d,1,1191,1535,77.58957654723127,2270,1566,1535,77.58957654723127,74.93654822335026,-2.653028323881017
Province Nord,2019,Voh,non_ind_nord,Listes non-indépendantistes,#305f9f,5,344,1535,22.41042345276873,2270,1566,1535,22.41042345276873,21.129441624365484,-1.2809818284032453
Province Nord,2019,Voh,participation,Participation,#d18b24,6,1566,2270,68.98678414096916,2270,1566,1535,68.98678414096916,66.20065789473684,-2.786126246232328
Province Nord,2019,Voh,uc_flnks,Union calédonienne – FLNKS,#3b7e4f,2,286,1535,18.631921824104236,2270,1566,1535,18.631921824104236,20.17766497461929,1.5457431505150545
Province Nord,2019,Voh,uni_palika,UNI – Palika,#f0c52f,3,789,1535,51.40065146579805,2270,1566,1535,51.40065146579805,50.95177664974619,-0.4488748160518554
Province Nord,2026,Bélep,autres_ind_nord,Autres listes indépendantistes,#b6483b,4,8,417,1.9184652278177459,941,417,417,9.856262833675565,1.9184652278177459,-7.937797605857819
Province Nord,2026,Bélep,bloc_independantiste,Bloc indépendantiste,#2f925d,1,411,417,98.56115107913669,941,417,417,97.53593429158111,98.56115107913669,1.0252167875555784
Province Nord,2026,Bélep,non_ind_nord,Listes non-indépendantistes,#305f9f,5,0,417,0,941,417,417,2.4640657084188913,0,-2.4640657084188913
Province Nord,2026,Bélep,participation,Participation,#d18b24,6,417,941,44.314558979808716,941,417,417,53.728070175438596,44.314558979808716,-9.41351119562988
Province Nord,2026,Bélep,uc_flnks,Union calédonienne – FLNKS,#3b7e4f,2,266,417,63.78896882494005,941,417,417,48.049281314168375,63.78896882494005,15.739687510771674
Province Nord,2026,Bélep,uni_palika,UNI – Palika,#f0c52f,3,137,417,32.853717026378895,941,417,417,39.630390143737166,32.853717026378895,-6.776673117358271
Province Nord,2026,Canala,autres_ind_nord,Autres listes indépendantistes,#b6483b,4,60,2396,2.5041736227045077,3609,2427,2396,2.6480500722195472,2.5041736227045077,-0.14387644951503953
Province Nord,2026,Canala,bloc_independantiste,Bloc indépendantiste,#2f925d,1,2265,2396,94.53255425709516,3609,2427,2396,94.99277804525758,94.53255425709516,-0.4602237881624234
Province Nord,2026,Canala,non_ind_nord,Listes non-indépendantistes,#305f9f,5,35,2396,1.4607679465776293,3609,2427,2396,5.007221954742417,1.4607679465776293,-3.5464540081647877
Province Nord,2026,Canala,participation,Participation,#d18b24,6,2427,3609,67.24854530340815,3609,2427,2396,63.77068557919622,67.24854530340815,3.477859724211932
Province Nord,2026,Canala,uc_flnks,Union calédonienne – FLNKS,#3b7e4f,2,1325,2396,55.30050083472454,3609,2427,2396,59.31632161771786,55.30050083472454,-4.015820782993323
Province Nord,2026,Canala,uni_palika,UNI – Palika,#f0c52f,3,880,2396,36.72787979966611,3609,2427,2396,33.02840635532017,36.72787979966611,3.6994734443459407
Province Nord,2026,Hienghène,autres_ind_nord,Autres listes indépendantistes,#b6483b,4,42,1442,2.912621359223301,2480,1463,1442,1.644736842105263,2.912621359223301,1.267884517118038
Province Nord,2026,Hienghène,bloc_independantiste,Bloc indépendantiste,#2f925d,1,1369,1442,94.9375866851595,2480,1463,1442,97.23684210526316,94.9375866851595,-2.2992554201036626
Province Nord,2026,Hienghène,non_ind_nord,Listes non-indépendantistes,#305f9f,5,28,1442,1.941747572815534,2480,1463,1442,2.763157894736842,1.941747572815534,-0.821410321921308
Province Nord,2026,Hienghène,participation,Participation,#d18b24,6,1463,2480,58.99193548387097,2480,1463,1442,63.643926788685526,58.99193548387097,-4.651991304814558
Province Nord,2026,Hienghène,uc_flnks,Union calédonienne – FLNKS,#3b7e4f,2,1007,1442,69.83356449375867,2480,1463,1442,56.44736842105263,69.83356449375867,13.386196072706042
Province Nord,2026,Hienghène,uni_palika,UNI – Palika,#f0c52f,3,320,1442,22.191400832177532,2480,1463,1442,39.14473684210526,22.191400832177532,-16.953336009927728
Province Nord,2026,Houaïlou,autres_ind_nord,Autres listes indépendantistes,#b6483b,4,95,2045,4.645476772616137,3694,2084,2045,9.10881339241753,4.645476772616137,-4.463336619801392
Province Nord,2026,Houaïlou,bloc_independantiste,Bloc indépendantiste,#2f925d,1,1892,2045,92.51833740831296,3694,2084,2045,86.85376661742984,92.51833740831296,5.664570790883118
Province Nord,2026,Houaïlou,non_ind_nord,Listes non-indépendantistes,#305f9f,5,98,2045,4.792176039119805,3694,2084,2045,13.146233382570163,4.792176039119805,-8.354057343450357
Province Nord,2026,Houaïlou,participation,Participation,#d18b24,6,2084,3694,56.41580942068219,3694,2084,2045,58.7873707739592,56.41580942068219,-2.3715613532770163
Province Nord,2026,Houaïlou,uc_flnks,Union calédonienne – FLNKS,#3b7e4f,2,1212,2045,59.266503667481665,3694,2084,2045,40.37419990152634,59.266503667481665,18.892303765955326
Province Nord,2026,Houaïlou,uni_palika,UNI – Palika,#f0c52f,3,585,2045,28.60635696821516,3694,2084,2045,37.37075332348597,28.60635696821516,-8.764396355270812
Province Nord,2026,Kaala-Gomen,autres_ind_nord,Autres listes indépendantistes,#b6483b,4,37,1137,3.2541776605101145,1791,1153,1137,6.473429951690822,3.2541776605101145,-3.219252291180707
Province Nord,2026,Kaala-Gomen,bloc_independantiste,Bloc indépendantiste,#2f925d,1,960,1137,84.43271767810026,1791,1153,1137,83.86473429951691,84.43271767810026,0.5679833785833495
Province Nord,2026,Kaala-Gomen,non_ind_nord,Listes non-indépendantistes,#305f9f,5,151,1137,13.280562884784521,1791,1153,1137,16.135265700483092,13.280562884784521,-2.8547028156985714
Province Nord,2026,Kaala-Gomen,participation,Participation,#d18b24,6,1153,1791,64.37744276940256,1791,1153,1137,64.80446927374301,64.37744276940256,-0.4270265043404464
Province Nord,2026,Kaala-Gomen,uc_flnks,Union calédonienne – FLNKS,#3b7e4f,2,517,1137,45.47053649956025,1791,1153,1137,45.410628019323674,45.47053649956025,0.05990848023657236
Province Nord,2026,Kaala-Gomen,uni_palika,UNI – Palika,#f0c52f,3,406,1137,35.708003518029905,1791,1153,1137,31.980676328502415,35.708003518029905,3.7273271895274895
Province Nord,2026,Koné,autres_ind_nord,Autres listes indépendantistes,#b6483b,4,65,3178,2.0453115166771556,4865,3230,3178,4.31427569273939,2.0453115166771556,-2.268964176062234
Province Nord,2026,Koné,bloc_independantiste,Bloc indépendantiste,#2f925d,1,2287,3178,71.96349905601006,4865,3230,3178,71.0978603998597,71.96349905601006,0.8656386561503666
Province Nord,2026,Koné,non_ind_nord,Listes non-indépendantistes,#305f9f,5,812,3178,25.550660792951543,4865,3230,3178,28.902139600140302,25.550660792951543,-3.3514788071887587
Province Nord,2026,Koné,participation,Participation,#d18b24,6,3230,4865,66.39260020554984,4865,3230,3178,70.69508355534028,66.39260020554984,-4.302483349790435
Province Nord,2026,Koné,uc_flnks,Union calédonienne – FLNKS,#3b7e4f,2,1000,3178,31.46633102580239,4865,3230,3178,34.65450719045949,31.46633102580239,-3.1881761646571007
Province Nord,2026,Koné,uni_palika,UNI – Palika,#f0c52f,3,1222,3178,38.45185651353052,4865,3230,3178,32.12907751666082,38.45185651353052,6.322778996869701
Province Nord,2026,Kouaoua,autres_ind_nord,Autres listes indépendantistes,#b6483b,4,7,691,1.0130246020260492,1195,701,691,3.1506849315068495,1.0130246020260492,-2.1376603294808003
Province Nord,2026,Kouaoua,bloc_independantiste,Bloc indépendantiste,#2f925d,1,543,691,78.58176555716354,1195,701,691,68.63013698630137,78.58176555716354,9.95162857086217
Province Nord,2026,Kouaoua,non_ind_nord,Listes non-indépendantistes,#305f9f,5,144,691,20.839363241678726,1195,701,691,31.36986301369863,20.839363241678726,-10.530499772019905
Province Nord,2026,Kouaoua,participation,Participation,#d18b24,6,701,1195,58.66108786610879,1195,701,691,66.54643823264202,58.66108786610879,-7.885350366533231
Province Nord,2026,Kouaoua,uc_flnks,Union calédonienne – FLNKS,#3b7e4f,2,386,691,55.861070911722145,1195,701,691,37.534246575342465,55.861070911722145,18.32682433637968
Province Nord,2026,Kouaoua,uni_palika,UNI – Palika,#f0c52f,3,150,691,21.70767004341534,1195,701,691,27.945205479452056,21.70767004341534,-6.2375354360367155
Province Nord,2026,Koumac,autres_ind_nord,Autres listes indépendantistes,#b6483b,4,24,1708,1.405152224824356,2898,1742,1708,3.6363636363636362,1.405152224824356,-2.23121141153928
Province Nord,2026,Koumac,bloc_independantiste,Bloc indépendantiste,#2f925d,1,763,1708,44.67213114754098,2898,1742,1708,38.93416927899686,44.67213114754098,5.737961868544119
Province Nord,2026,Koumac,non_ind_nord,Listes non-indépendantistes,#305f9f,5,886,1708,51.87353629976581,2898,1742,1708,61.06583072100314,51.87353629976581,-9.192294421237328
Province Nord,2026,Koumac,participation,Participation,#d18b24,6,1742,2898,60.110420979986195,2898,1742,1708,62.675255778704056,60.110420979986195,-2.564834798717861
Province Nord,2026,Koumac,uc_flnks,Union calédonienne – FLNKS,#3b7e4f,2,352,1708,20.60889929742389,2898,1742,1708,18.369905956112852,20.60889929742389,2.238993341311037
Province Nord,2026,Koumac,uni_palika,UNI – Palika,#f0c52f,3,387,1708,22.65807962529274,2898,1742,1708,16.927899686520377,22.65807962529274,5.730179938772363
Province Nord,2026,Ouégoa,autres_ind_nord,Autres listes indépendantistes,#b6483b,4,19,1335,1.4232209737827715,2226,1350,1335,5.445935280189424,1.4232209737827715,-4.022714306406653
Province Nord,2026,Ouégoa,bloc_independantiste,Bloc indépendantiste,#2f925d,1,959,1335,71.83520599250936,2226,1350,1335,73.24388318863457,71.83520599250936,-1.4086771961252111
Province Nord,2026,Ouégoa,non_ind_nord,Listes non-indépendantistes,#305f9f,5,363,1335,27.191011235955056,2226,1350,1335,26.75611681136543,27.191011235955056,0.43489442458962557
Province Nord,2026,Ouégoa,participation,Participation,#d18b24,6,1350,2226,60.64690026954178,2226,1350,1335,60.798122065727696,60.64690026954178,-0.15122179618591503
Province Nord,2026,Ouégoa,uc_flnks,Union calédonienne – FLNKS,#3b7e4f,2,453,1335,33.93258426966292,2226,1350,1335,35.59589581689029,33.93258426966292,-1.663311547227373
Province Nord,2026,Ouégoa,uni_palika,UNI – Palika,#f0c52f,3,487,1335,36.47940074906367,2226,1350,1335,32.202052091554854,36.47940074906367,4.277348657508817
Province Nord,2026,Poindimié,autres_ind_nord,Autres listes indépendantistes,#b6483b,4,86,2604,3.302611367127496,4283,2651,2604,3.5514018691588785,3.302611367127496,-0.2487905020313823
Province Nord,2026,Poindimié,bloc_independantiste,Bloc indépendantiste,#2f925d,1,2102,2604,80.72196620583718,4283,2651,2604,82.8785046728972,80.72196620583718,-2.1565384670600167
Province Nord,2026,Poindimié,non_ind_nord,Listes non-indépendantistes,#305f9f,5,296,2604,11.367127496159755,4283,2651,2604,17.121495327102803,11.367127496159755,-5.754367830943048
Province Nord,2026,Poindimié,participation,Participation,#d18b24,6,2651,4283,61.895867382675696,4283,2651,2604,66.35696821515893,61.895867382675696,-4.461100832483233
Province Nord,2026,Poindimié,uc_flnks,Union calédonienne – FLNKS,#3b7e4f,2,581,2604,22.311827956989248,4283,2651,2604,20.037383177570092,22.311827956989248,2.274444779419156
Province Nord,2026,Poindimié,uni_palika,UNI – Palika,#f0c52f,3,1435,2604,55.10752688172043,4283,2651,2604,59.28971962616822,55.10752688172043,-4.182192744447789
Province Nord,2026,Ponérihouen,autres_ind_nord,Autres listes indépendantistes,#b6483b,4,374,1642,22.77710109622412,2683,1664,1642,6.169965075669383,22.77710109622412,16.607136020554734
Province Nord,2026,Ponérihouen,bloc_independantiste,Bloc indépendantiste,#2f925d,1,1508,1642,91.83922046285018,2683,1664,1642,89.63911525029104,91.83922046285018,2.200105212559137
Province Nord,2026,Ponérihouen,non_ind_nord,Listes non-indépendantistes,#305f9f,5,97,1642,5.9074299634591965,2683,1664,1642,10.360884749708964,5.9074299634591965,-4.453454786249767
Province Nord,2026,Ponérihouen,participation,Participation,#d18b24,6,1664,2683,62.020126723816624,2683,1664,1642,66.87140115163147,62.020126723816624,-4.85127442781485
Province Nord,2026,Ponérihouen,uc_flnks,Union calédonienne – FLNKS,#3b7e4f,2,635,1642,38.67235079171742,2683,1664,1642,30.034924330616995,38.67235079171742,8.637426461100425
Province Nord,2026,Ponérihouen,uni_palika,UNI – Palika,#f0c52f,3,499,1642,30.389768574908647,2683,1664,1642,53.43422584400466,30.389768574908647,-23.04445726909601
Province Nord,2026,Pouembout,autres_ind_nord,Autres listes indépendantistes,#b6483b,4,14,1128,1.2411347517730495,1738,1147,1128,2.20125786163522,1.2411347517730495,-0.9601231098621705
Province Nord,2026,Pouembout,bloc_independantiste,Bloc indépendantiste,#2f925d,1,574,1128,50.88652482269504,1738,1147,1128,56.918238993710695,50.88652482269504,-6.031714171015658
Province Nord,2026,Pouembout,non_ind_nord,Listes non-indépendantistes,#305f9f,5,506,1128,44.858156028368796,1738,1147,1128,43.081761006289305,44.858156028368796,1.776395022079491
Province Nord,2026,Pouembout,participation,Participation,#d18b24,6,1147,1738,65.99539700805524,1738,1147,1128,70.36770007209806,65.99539700805524,-4.372303064042825
Province Nord,2026,Pouembout,uc_flnks,Union calédonienne – FLNKS,#3b7e4f,2,308,1128,27.30496453900709,1738,1147,1128,31.446540880503143,27.30496453900709,-4.141576341496052
Province Nord,2026,Pouembout,uni_palika,UNI – Palika,#f0c52f,3,252,1128,22.340425531914892,1738,1147,1128,23.270440251572328,22.340425531914892,-0.9300147196574358
Province Nord,2026,Poum,autres_ind_nord,Autres listes indépendantistes,#b6483b,4,53,925,5.72972972972973,1519,936,925,10.428100987925356,5.72972972972973,-4.6983712581956265
Province Nord,2026,Poum,bloc_independantiste,Bloc indépendantiste,#2f925d,1,817,925,88.32432432432432,1519,936,925,88.69374313940725,88.32432432432432,-0.3694188150829234
Province Nord,2026,Poum,non_ind_nord,Listes non-indépendantistes,#305f9f,5,88,925,9.513513513513514,1519,936,925,11.306256860592756,9.513513513513514,-1.7927433470792415
Province Nord,2026,Poum,participation,Participation,#d18b24,6,936,1519,61.61948650427913,1519,936,925,66.4735698769008,61.61948650427913,-4.854083372621666
Province Nord,2026,Poum,uc_flnks,Union calédonienne – FLNKS,#3b7e4f,2,388,925,41.945945945945944,1519,936,925,41.1635565312843,41.945945945945944,0.7823894146616439
Province Nord,2026,Poum,uni_palika,UNI – Palika,#f0c52f,3,376,925,40.648648648648646,1519,936,925,37.102085620197585,40.648648648648646,3.546563028451061
Province Nord,2026,Pouébo,autres_ind_nord,Autres listes indépendantistes,#b6483b,4,126,1222,10.310965630114566,2403,1232,1222,19.429024583663757,10.310965630114566,-9.118058953549191
Province Nord,2026,Pouébo,bloc_independantiste,Bloc indépendantiste,#2f925d,1,1177,1222,96.31751227495909,2403,1232,1222,96.90721649484536,96.31751227495909,-0.5897042198862721
Province Nord,2026,Pouébo,non_ind_nord,Listes non-indépendantistes,#305f9f,5,26,1222,2.127659574468085,2403,1232,1222,3.0927835051546393,2.127659574468085,-0.9651239306865542
Province Nord,2026,Pouébo,participation,Participation,#d18b24,6,1232,2403,51.269246774864754,2403,1232,1222,55.45415036940461,51.269246774864754,-4.184903594539854
Province Nord,2026,Pouébo,uc_flnks,Union calédonienne – FLNKS,#3b7e4f,2,561,1222,45.90834697217676,2403,1232,1222,44.17129262490087,45.90834697217676,1.7370543472758868
Province Nord,2026,Pouébo,uni_palika,UNI – Palika,#f0c52f,3,490,1222,40.09819967266776,2403,1232,1222,33.30689928628073,40.09819967266776,6.791300386387029
Province Nord,2026,Poya Nord,autres_ind_nord,Autres listes indépendantistes,#b6483b,4,139,1478,9.404600811907983,2295,1512,1478,3.3873343151693667,9.404600811907983,6.017266496738616
Province Nord,2026,Poya Nord,bloc_independantiste,Bloc indépendantiste,#2f925d,1,1133,1478,76.65764546684709,2295,1512,1478,71.35493372606774,76.65764546684709,5.302711740779344
Province Nord,2026,Poya Nord,non_ind_nord,Listes non-indépendantistes,#305f9f,5,291,1478,19.688768606224627,2295,1512,1478,28.645066273932255,19.688768606224627,-8.956297667707627
Province Nord,2026,Poya Nord,participation,Participation,#d18b24,6,1512,2295,65.88235294117646,2295,1512,1478,66.98748796920115,65.88235294117646,-1.1051350280246908
Province Nord,2026,Poya Nord,uc_flnks,Union calédonienne – FLNKS,#3b7e4f,2,695,1478,47.02300405953992,2295,1512,1478,42.19440353460972,47.02300405953992,4.828600524930202
Province Nord,2026,Poya Nord,uni_palika,UNI – Palika,#f0c52f,3,299,1478,20.23004059539919,2295,1512,1478,25.77319587628866,20.23004059539919,-5.543155280889472
Province Nord,2026,Touho,autres_ind_nord,Autres listes indépendantistes,#b6483b,4,30,1166,2.5728987993138936,1971,1185,1166,1.5625,2.5728987993138936,1.0103987993138936
Province Nord,2026,Touho,bloc_independantiste,Bloc indépendantiste,#2f925d,1,1035,1166,88.76500857632934,1971,1185,1166,86.26644736842105,88.76500857632934,2.4985612079082813
Province Nord,2026,Touho,non_ind_nord,Listes non-indépendantistes,#305f9f,5,107,1166,9.176672384219554,1971,1185,1166,13.733552631578947,9.176672384219554,-4.556880247359393
Province Nord,2026,Touho,participation,Participation,#d18b24,6,1185,1971,60.12176560121765,1971,1185,1166,65.36430834213306,60.12176560121765,-5.242542740915404
Province Nord,2026,Touho,uc_flnks,Union calédonienne – FLNKS,#3b7e4f,2,414,1166,35.506003430531734,1971,1185,1166,25.164473684210527,35.506003430531734,10.341529746321207
Province Nord,2026,Touho,uni_palika,UNI – Palika,#f0c52f,3,591,1166,50.686106346483704,1971,1185,1166,59.53947368421053,50.686106346483704,-8.853367337726823
Province Nord,2026,Voh,autres_ind_nord,Autres listes indépendantistes,#b6483b,4,60,1576,3.8071065989847717,2432,1610,1576,7.55700325732899,3.8071065989847717,-3.7498966583442184
Province Nord,2026,Voh,bloc_independantiste,Bloc indépendantiste,#2f925d,1,1181,1576,74.93654822335026,2432,1610,1576,77.58957654723127,74.93654822335026,-2.653028323881017
Province Nord,2026,Voh,non_ind_nord,Listes non-indépendantistes,#305f9f,5,333,1576,21.129441624365484,2432,1610,1576,22.41042345276873,21.129441624365484,-1.2809818284032453
Province Nord,2026,Voh,participation,Participation,#d18b24,6,1610,2432,66.20065789473684,2432,1610,1576,68.98678414096916,66.20065789473684,-2.786126246232328
Province Nord,2026,Voh,uc_flnks,Union calédonienne – FLNKS,#3b7e4f,2,318,1576,20.17766497461929,2432,1610,1576,18.631921824104236,20.17766497461929,1.5457431505150545
Province Nord,2026,Voh,uni_palika,UNI – Palika,#f0c52f,3,803,1576,50.95177664974619,2432,1610,1576,51.40065146579805,50.95177664974619,-0.4488748160518554
Province Sud,2019,Boulouparis,bloc_independantiste,Vote indépendantiste,#2f925d,1,391,1794,21.794871794871796,2659,1835,1794,21.794871794871796,23.122439690487028,1.327567895615232
Province Sud,2019,Boulouparis,centre_non_ind,Centre non-indépendantiste,#67a9cf,3,293,1794,16.33221850613155,2659,1835,1794,16.33221850613155,9.239872553482021,-7.092345952649529
Province Sud,2019,Boulouparis,droite_nationale,Droite nationale,#7a4a28,5,92,1794,5.128205128205129,2659,1835,1794,5.128205128205129,4.688211197086937,-0.43999393111819174
Province Sud,2019,Boulouparis,loyaliste,Droite loyaliste,#305f9f,2,835,1794,46.54403567447046,2659,1835,1794,46.54403567447046,56.395084205735095,9.851048531264638
Province Sud,2019,Boulouparis,oceanien,Éveil océanien,#16a5ad,4,42,1794,2.3411371237458196,2659,1835,1794,2.3411371237458196,3.9599453800637234,1.6188082563179038
Province Sud,2019,Boulouparis,participation,Participation,#d18b24,6,1835,2659,69.01090635577285,2659,1835,1794,69.01090635577285,73.4375,4.426593644227154
Province Sud,2019,Bourail,bloc_independantiste,Vote indépendantiste,#2f925d,1,697,2605,26.75623800383877,3949,2686,2605,26.75623800383877,27.078540913572134,0.32230290973336295
Province Sud,2019,Bourail,centre_non_ind,Centre non-indépendantiste,#67a9cf,3,554,2605,21.26679462571977,3949,2686,2605,21.26679462571977,11.764705882352942,-9.502088743366826
Province Sud,2019,Bourail,droite_nationale,Droite nationale,#7a4a28,5,120,2605,4.606525911708253,3949,2686,2605,4.606525911708253,2.2346368715083798,-2.3718890401998736
Province Sud,2019,Bourail,loyaliste,Droite loyaliste,#305f9f,2,923,2605,35.43186180422265,3949,2686,2605,35.43186180422265,50.37791652974039,14.94605472551774
Province Sud,2019,Bourail,oceanien,Éveil océanien,#16a5ad,4,39,2605,1.4971209213051824,3949,2686,2605,1.4971209213051824,2.760433782451528,1.2633128611463456
Province Sud,2019,Bourail,participation,Participation,#d18b24,6,2686,3949,68.01721954925297,3949,2686,2605,68.01721954925297,69.62564447433311,1.6084249250801435
Province Sud,2019,Dumbéa,bloc_independantiste,Vote indépendantiste,#2f925d,1,1595,10612,15.030154542027892,15787,10983,10612,15.030154542027892,18.25208540598454,3.221930863956649
Province Sud,2019,Dumbéa,centre_non_ind,Centre non-indépendantiste,#67a9cf,3,2024,10612,19.072747832642293,15787,10983,10612,19.072747832642293,13.49200275503176,-5.580745077610533
Province Sud,2019,Dumbéa,droite_nationale,Droite nationale,#7a4a28,5,465,10612,4.381831888428194,15787,10983,10612,4.381831888428194,2.4259585214662893,-1.9558733669619048
Province Sud,2019,Dumbéa,loyaliste,Droite loyaliste,#305f9f,2,3991,10612,37.60836788541274,15787,10983,10612,37.60836788541274,46.71309405372312,9.104726168310378
Province Sud,2019,Dumbéa,oceanien,Éveil océanien,#16a5ad,4,1509,10612,14.21975122502827,15787,10983,10612,14.21975122502827,14.808295706742175,0.5885444817139049
Province Sud,2019,Dumbéa,participation,Participation,#d18b24,6,10983,15787,69.5698992842212,15787,10983,10612,69.5698992842212,63.864179818268774,-5.70571946595242
Province Sud,2019,Farino,bloc_independantiste,Vote indépendantiste,#2f925d,1,24,454,5.286343612334802,568,471,454,5.286343612334802,13.097713097713097,7.811369485378295
Province Sud,2019,Farino,centre_non_ind,Centre non-indépendantiste,#67a9cf,3,195,454,42.951541850220266,568,471,454,42.951541850220266,16.424116424116423,-26.527425426103843
Province Sud,2019,Farino,droite_nationale,Droite nationale,#7a4a28,5,23,454,5.066079295154185,568,471,454,5.066079295154185,3.7422037422037424,-1.3238755529504425
Province Sud,2019,Farino,loyaliste,Droite loyaliste,#305f9f,2,169,454,37.22466960352423,568,471,454,37.22466960352423,60.91476091476091,23.690091311236685
Province Sud,2019,Farino,oceanien,Éveil océanien,#16a5ad,4,5,454,1.1013215859030836,568,471,454,1.1013215859030836,2.286902286902287,1.1855807009992032
Province Sud,2019,Farino,participation,Participation,#d18b24,6,471,568,82.9225352112676,568,471,454,82.9225352112676,78.74015748031496,-4.182377730952638
Province Sud,2019,Ile des Pins,bloc_independantiste,Vote indépendantiste,#2f925d,1,670,1089,61.52433425160698,1712,1102,1089,61.52433425160698,74.86136783733826,13.337033585731284
Province Sud,2019,Ile des Pins,centre_non_ind,Centre non-indépendantiste,#67a9cf,3,148,1089,13.590449954086317,1712,1102,1089,13.590449954086317,9.796672828096119,-3.7937771259901982
Province Sud,2019,Ile des Pins,droite_nationale,Droite nationale,#7a4a28,5,12,1089,1.1019283746556474,1712,1102,1089,1.1019283746556474,1.478743068391867,0.37681469373621956
Province Sud,2019,Ile des Pins,loyaliste,Droite loyaliste,#305f9f,2,199,1089,18.27364554637282,1712,1102,1089,18.27364554637282,10.44362292051756,-7.830022625855259
Province Sud,2019,Ile des Pins,oceanien,Éveil océanien,#16a5ad,4,5,1089,0.4591368227731864,1712,1102,1089,0.4591368227731864,1.5711645101663585,1.112027687393172
Province Sud,2019,Ile des Pins,participation,Participation,#d18b24,6,1102,1712,64.36915887850468,1712,1102,1089,64.36915887850468,58.65229110512129,-5.716867773383385
Province Sud,2019,La Foa,bloc_independantiste,Vote indépendantiste,#2f925d,1,545,2139,25.479195885928004,2905,2205,2139,25.479195885928004,20.03491924923614,-5.444276636691864
Province Sud,2019,La Foa,centre_non_ind,Centre non-indépendantiste,#67a9cf,3,726,2139,33.94109396914446,2905,2205,2139,33.94109396914446,21.95547795722392,-11.985616011920541
Province Sud,2019,La Foa,droite_nationale,Droite nationale,#7a4a28,5,58,2139,2.7115474520804113,2905,2205,2139,2.7115474520804113,2.357049323439546,-0.35449812864086505
Province Sud,2019,La Foa,loyaliste,Droite loyaliste,#305f9f,2,568,2139,26.554464703132304,2905,2205,2139,26.554464703132304,41.64120471409865,15.086740010966345
Province Sud,2019,La Foa,oceanien,Éveil océanien,#16a5ad,4,103,2139,4.815334268349696,2905,2205,2139,4.815334268349696,10.650371017023135,5.8350367486734385
Province Sud,2019,La Foa,participation,Participation,#d18b24,6,2205,2905,75.90361445783132,2905,2205,2139,75.90361445783132,73.7741221132553,-2.129492344576022
Province Sud,2019,Moindou,bloc_independantiste,Vote indépendantiste,#2f925d,1,248,579,42.832469775474955,755,591,579,42.832469775474955,40.06622516556291,-2.766244609912043
Province Sud,2019,Moindou,centre_non_ind,Centre non-indépendantiste,#67a9cf,3,140,579,24.179620034542314,755,591,579,24.179620034542314,9.933774834437086,-14.245845200105228
Province Sud,2019,Moindou,droite_nationale,Droite nationale,#7a4a28,5,17,579,2.936096718480138,755,591,579,2.936096718480138,0.4966887417218543,-2.4394079767582837
Province Sud,2019,Moindou,loyaliste,Droite loyaliste,#305f9f,2,141,579,24.352331606217618,755,591,579,24.352331606217618,43.70860927152318,19.356277665305562
Province Sud,2019,Moindou,oceanien,Éveil océanien,#16a5ad,4,1,579,0.17271157167530224,755,591,579,0.17271157167530224,2.814569536423841,2.6418579647485387
Province Sud,2019,Moindou,participation,Participation,#d18b24,6,591,755,78.27814569536424,755,591,579,78.27814569536424,74.96947496947497,-3.3086707258892716
Province Sud,2019,Mont-Dore,bloc_independantiste,Vote indépendantiste,#2f925d,1,2162,10840,19.944649446494466,16758,11234,10840,19.944649446494466,22.19658894290187,2.2519394964074024
Province Sud,2019,Mont-Dore,centre_non_ind,Centre non-indépendantiste,#67a9cf,3,1940,10840,17.89667896678967,16758,11234,10840,17.89667896678967,12.795583752162807,-5.101095214626861
Province Sud,2019,Mont-Dore,droite_nationale,Droite nationale,#7a4a28,5,417,10840,3.8468634686346865,16758,11234,10840,3.8468634686346865,2.3069951388316716,-1.539868329803015
Province Sud,2019,Mont-Dore,loyaliste,Droite loyaliste,#305f9f,2,3889,10840,35.87638376383764,16758,11234,10840,35.87638376383764,45.744417895690866,9.868034131853229
Province Sud,2019,Mont-Dore,oceanien,Éveil océanien,#16a5ad,4,1274,10840,11.752767527675276,16758,11234,10840,11.752767527675276,11.955178380159841,0.20241085248456514
Province Sud,2019,Mont-Dore,participation,Participation,#d18b24,6,11234,16758,67.03663921709034,16758,11234,10840,67.03663921709034,65.09536926355179,-1.9412699535385514
Province Sud,2019,Nouméa,bloc_independantiste,Vote indépendantiste,#2f925d,1,3907,30944,12.626034126163391,48196,31658,30944,12.626034126163391,14.55397710933456,1.9279429831711692
Province Sud,2019,Nouméa,centre_non_ind,Centre non-indépendantiste,#67a9cf,3,5757,30944,18.60457600827301,48196,31658,30944,18.60457600827301,12.302294817967447,-6.302281190305564
Province Sud,2019,Nouméa,droite_nationale,Droite nationale,#7a4a28,5,1199,30944,3.874741468459152,48196,31658,30944,3.874741468459152,2.2804394087536664,-1.5943020597054858
Province Sud,2019,Nouméa,loyaliste,Droite loyaliste,#305f9f,2,15589,30944,50.378102378490176,48196,31658,30944,50.378102378490176,60.46183930522805,10.08373692673787
Province Sud,2019,Nouméa,oceanien,Éveil océanien,#16a5ad,4,1700,30944,5.493795243019648,48196,31658,30944,5.493795243019648,5.886581929027434,0.39278668600778577
Province Sud,2019,Nouméa,participation,Participation,#d18b24,6,31658,48196,65.68594904141422,48196,31658,30944,65.68594904141422,65.81217281144625,0.126223770032027
Province Sud,2019,Païta,bloc_independantiste,Vote indépendantiste,#2f925d,1,1366,7015,19.47255880256593,10694,7215,7015,19.47255880256593,19.060218012488093,-0.4123407900778382
Province Sud,2019,Païta,centre_non_ind,Centre non-indépendantiste,#67a9cf,3,1081,7015,15.40983606557377,10694,7215,7015,15.40983606557377,9.821145094719018,-5.588690970854753
Province Sud,2019,Païta,droite_nationale,Droite nationale,#7a4a28,5,285,7015,4.06272273699216,10694,7215,7015,4.06272273699216,2.2859561858397712,-1.7767665511523885
Province Sud,2019,Païta,loyaliste,Droite loyaliste,#305f9f,2,2314,7015,32.98645759087669,10694,7215,7015,32.98645759087669,42.20552439411578,9.219066803239087
Province Sud,2019,Païta,oceanien,Éveil océanien,#16a5ad,4,1328,7015,18.930862437633643,10694,7215,7015,18.930862437633643,22.637316118107737,3.7064536804740946
Province Sud,2019,Païta,participation,Participation,#d18b24,6,7215,10694,67.46773891902001,10694,7215,7015,67.46773891902001,65.46933242968485,-1.998406489335153
Province Sud,2019,Poya Sud,bloc_independantiste,Vote indépendantiste,#2f925d,1,3,131,2.2900763358778624,164,133,131,2.2900763358778624,3.7037037037037037,1.4136273678258413
Province Sud,2019,Poya Sud,centre_non_ind,Centre non-indépendantiste,#67a9cf,3,43,131,32.82442748091603,164,133,131,32.82442748091603,6.790123456790123,-26.034304024125905
Province Sud,2019,Poya Sud,droite_nationale,Droite nationale,#7a4a28,5,11,131,8.396946564885496,164,133,131,8.396946564885496,4.320987654320987,-4.075958910564509
Province Sud,2019,Poya Sud,loyaliste,Droite loyaliste,#305f9f,2,70,131,53.43511450381679,164,133,131,53.43511450381679,82.71604938271605,29.28093487889926
Province Sud,2019,Poya Sud,oceanien,Éveil océanien,#16a5ad,4,0,131,0,164,133,131,0,0.6172839506172839,0.6172839506172839
Province Sud,2019,Poya Sud,participation,Participation,#d18b24,6,133,164,81.09756097560975,164,133,131,81.09756097560975,80.6930693069307,-0.40449166867905717
Province Sud,2019,Sarraméa,bloc_independantiste,Vote indépendantiste,#2f925d,1,257,358,71.7877094972067,502,365,358,71.7877094972067,65.73033707865169,-6.057372418555019
Province Sud,2019,Sarraméa,centre_non_ind,Centre non-indépendantiste,#67a9cf,3,47,358,13.128491620111731,502,365,358,13.128491620111731,13.48314606741573,0.3546544473039983
Province Sud,2019,Sarraméa,droite_nationale,Droite nationale,#7a4a28,5,1,358,0.27932960893854747,502,365,358,0.27932960893854747,1.404494382022472,1.1251647730839245
Province Sud,2019,Sarraméa,loyaliste,Droite loyaliste,#305f9f,2,29,358,8.100558659217876,502,365,358,8.100558659217876,8.707865168539326,0.6073065093214502
Province Sud,2019,Sarraméa,oceanien,Éveil océanien,#16a5ad,4,7,358,1.9553072625698324,502,365,358,1.9553072625698324,5.337078651685394,3.381771389115561
Province Sud,2019,Sarraméa,participation,Participation,#d18b24,6,365,502,72.70916334661355,502,365,358,72.70916334661355,68.29268292682927,-4.416480419784278
Province Sud,2019,Thio,bloc_independantiste,Vote indépendantiste,#2f925d,1,942,1206,78.1094527363184,2091,1226,1206,78.1094527363184,71.73144876325088,-6.378003973067521
Province Sud,2019,Thio,centre_non_ind,Centre non-indépendantiste,#67a9cf,3,74,1206,6.135986733001658,2091,1226,1206,6.135986733001658,2.8268551236749118,-3.3091316093267467
Province Sud,2019,Thio,droite_nationale,Droite nationale,#7a4a28,5,2,1206,0.16583747927031509,2091,1226,1206,0.16583747927031509,0.2826855123674912,0.11684803309717609
Province Sud,2019,Thio,loyaliste,Droite loyaliste,#305f9f,2,59,1206,4.892205638474295,2091,1226,1206,4.892205638474295,3.674911660777385,-1.2172939776969103
Province Sud,2019,Thio,oceanien,Éveil océanien,#16a5ad,4,64,1206,5.306799336650083,2091,1226,1206,5.306799336650083,19.151943462897528,13.845144126247444
Province Sud,2019,Thio,participation,Participation,#d18b24,6,1226,2091,58.63223338115734,2091,1226,1206,58.63223338115734,62.81826163301141,4.186028251854069
Province Sud,2019,Yaté,bloc_independantiste,Vote indépendantiste,#2f925d,1,1041,1193,87.25901089689857,1704,1203,1193,87.25901089689857,87.86482334869432,0.6058124517957424
Province Sud,2019,Yaté,centre_non_ind,Centre non-indépendantiste,#67a9cf,3,100,1193,8.382229673093043,1704,1203,1193,8.382229673093043,2.380952380952381,-6.001277292140662
Province Sud,2019,Yaté,droite_nationale,Droite nationale,#7a4a28,5,5,1193,0.4191114836546521,1704,1203,1193,0.4191114836546521,0.07680491551459294,-0.34230656814005916
Province Sud,2019,Yaté,loyaliste,Droite loyaliste,#305f9f,2,26,1193,2.179379715004191,1704,1203,1193,2.179379715004191,0.9216589861751152,-1.2577207288290757
Province Sud,2019,Yaté,oceanien,Éveil océanien,#16a5ad,4,0,1193,0,1704,1203,1193,0,5.837173579109063,5.837173579109063
Province Sud,2019,Yaté,participation,Participation,#d18b24,6,1203,1704,70.59859154929578,1704,1203,1193,70.59859154929578,71.78924259055982,1.1906510412640472
Province Sud,2026,Boulouparis,bloc_independantiste,Vote indépendantiste,#2f925d,1,508,2197,23.122439690487028,3072,2256,2197,21.794871794871796,23.122439690487028,1.327567895615232
Province Sud,2026,Boulouparis,centre_non_ind,Centre non-indépendantiste,#67a9cf,3,203,2197,9.239872553482021,3072,2256,2197,16.33221850613155,9.239872553482021,-7.092345952649529
Province Sud,2026,Boulouparis,droite_nationale,Droite nationale,#7a4a28,5,103,2197,4.688211197086937,3072,2256,2197,5.128205128205129,4.688211197086937,-0.43999393111819174
Province Sud,2026,Boulouparis,loyaliste,Droite loyaliste,#305f9f,2,1239,2197,56.395084205735095,3072,2256,2197,46.54403567447046,56.395084205735095,9.851048531264638
Province Sud,2026,Boulouparis,oceanien,Éveil océanien,#16a5ad,4,87,2197,3.9599453800637234,3072,2256,2197,2.3411371237458196,3.9599453800637234,1.6188082563179038
Province Sud,2026,Boulouparis,participation,Participation,#d18b24,6,2256,3072,73.4375,3072,2256,2197,69.01090635577285,73.4375,4.426593644227154
Province Sud,2026,Bourail,bloc_independantiste,Vote indépendantiste,#2f925d,1,824,3043,27.078540913572134,4461,3106,3043,26.75623800383877,27.078540913572134,0.32230290973336295
Province Sud,2026,Bourail,centre_non_ind,Centre non-indépendantiste,#67a9cf,3,358,3043,11.764705882352942,4461,3106,3043,21.26679462571977,11.764705882352942,-9.502088743366826
Province Sud,2026,Bourail,droite_nationale,Droite nationale,#7a4a28,5,68,3043,2.2346368715083798,4461,3106,3043,4.606525911708253,2.2346368715083798,-2.3718890401998736
Province Sud,2026,Bourail,loyaliste,Droite loyaliste,#305f9f,2,1533,3043,50.37791652974039,4461,3106,3043,35.43186180422265,50.37791652974039,14.94605472551774
Province Sud,2026,Bourail,oceanien,Éveil océanien,#16a5ad,4,84,3043,2.760433782451528,4461,3106,3043,1.4971209213051824,2.760433782451528,1.2633128611463456
Province Sud,2026,Bourail,participation,Participation,#d18b24,6,3106,4461,69.62564447433311,4461,3106,3043,68.01721954925297,69.62564447433311,1.6084249250801435
Province Sud,2026,Dumbéa,bloc_independantiste,Vote indépendantiste,#2f925d,1,2385,13067,18.25208540598454,20910,13354,13067,15.030154542027892,18.25208540598454,3.221930863956649
Province Sud,2026,Dumbéa,centre_non_ind,Centre non-indépendantiste,#67a9cf,3,1763,13067,13.49200275503176,20910,13354,13067,19.072747832642293,13.49200275503176,-5.580745077610533
Province Sud,2026,Dumbéa,droite_nationale,Droite nationale,#7a4a28,5,317,13067,2.4259585214662893,20910,13354,13067,4.381831888428194,2.4259585214662893,-1.9558733669619048
Province Sud,2026,Dumbéa,loyaliste,Droite loyaliste,#305f9f,2,6104,13067,46.71309405372312,20910,13354,13067,37.60836788541274,46.71309405372312,9.104726168310378
Province Sud,2026,Dumbéa,oceanien,Éveil océanien,#16a5ad,4,1935,13067,14.808295706742175,20910,13354,13067,14.21975122502827,14.808295706742175,0.5885444817139049
Province Sud,2026,Dumbéa,participation,Participation,#d18b24,6,13354,20910,63.864179818268774,20910,13354,13067,69.5698992842212,63.864179818268774,-5.70571946595242
Province Sud,2026,Farino,bloc_independantiste,Vote indépendantiste,#2f925d,1,63,481,13.097713097713097,635,500,481,5.286343612334802,13.097713097713097,7.811369485378295
Province Sud,2026,Farino,centre_non_ind,Centre non-indépendantiste,#67a9cf,3,79,481,16.424116424116423,635,500,481,42.951541850220266,16.424116424116423,-26.527425426103843
Province Sud,2026,Farino,droite_nationale,Droite nationale,#7a4a28,5,18,481,3.7422037422037424,635,500,481,5.066079295154185,3.7422037422037424,-1.3238755529504425
Province Sud,2026,Farino,loyaliste,Droite loyaliste,#305f9f,2,293,481,60.91476091476091,635,500,481,37.22466960352423,60.91476091476091,23.690091311236685
Province Sud,2026,Farino,oceanien,Éveil océanien,#16a5ad,4,11,481,2.286902286902287,635,500,481,1.1013215859030836,2.286902286902287,1.1855807009992032
Province Sud,2026,Farino,participation,Participation,#d18b24,6,500,635,78.74015748031496,635,500,481,82.9225352112676,78.74015748031496,-4.182377730952638
Province Sud,2026,Ile des Pins,bloc_independantiste,Vote indépendantiste,#2f925d,1,810,1082,74.86136783733826,1855,1088,1082,61.52433425160698,74.86136783733826,13.337033585731284
Province Sud,2026,Ile des Pins,centre_non_ind,Centre non-indépendantiste,#67a9cf,3,106,1082,9.796672828096119,1855,1088,1082,13.590449954086317,9.796672828096119,-3.7937771259901982
Province Sud,2026,Ile des Pins,droite_nationale,Droite nationale,#7a4a28,5,16,1082,1.478743068391867,1855,1088,1082,1.1019283746556474,1.478743068391867,0.37681469373621956
Province Sud,2026,Ile des Pins,loyaliste,Droite loyaliste,#305f9f,2,113,1082,10.44362292051756,1855,1088,1082,18.27364554637282,10.44362292051756,-7.830022625855259
Province Sud,2026,Ile des Pins,oceanien,Éveil océanien,#16a5ad,4,17,1082,1.5711645101663585,1855,1088,1082,0.4591368227731864,1.5711645101663585,1.112027687393172
Province Sud,2026,Ile des Pins,participation,Participation,#d18b24,6,1088,1855,58.65229110512129,1855,1088,1082,64.36915887850468,58.65229110512129,-5.716867773383385
Province Sud,2026,La Foa,bloc_independantiste,Vote indépendantiste,#2f925d,1,459,2291,20.03491924923614,3161,2332,2291,25.479195885928004,20.03491924923614,-5.444276636691864
Province Sud,2026,La Foa,centre_non_ind,Centre non-indépendantiste,#67a9cf,3,503,2291,21.95547795722392,3161,2332,2291,33.94109396914446,21.95547795722392,-11.985616011920541
Province Sud,2026,La Foa,droite_nationale,Droite nationale,#7a4a28,5,54,2291,2.357049323439546,3161,2332,2291,2.7115474520804113,2.357049323439546,-0.35449812864086505
Province Sud,2026,La Foa,loyaliste,Droite loyaliste,#305f9f,2,954,2291,41.64120471409865,3161,2332,2291,26.554464703132304,41.64120471409865,15.086740010966345
Province Sud,2026,La Foa,oceanien,Éveil océanien,#16a5ad,4,244,2291,10.650371017023135,3161,2332,2291,4.815334268349696,10.650371017023135,5.8350367486734385
Province Sud,2026,La Foa,participation,Participation,#d18b24,6,2332,3161,73.7741221132553,3161,2332,2291,75.90361445783132,73.7741221132553,-2.129492344576022
Province Sud,2026,Moindou,bloc_independantiste,Vote indépendantiste,#2f925d,1,242,604,40.06622516556291,819,614,604,42.832469775474955,40.06622516556291,-2.766244609912043
Province Sud,2026,Moindou,centre_non_ind,Centre non-indépendantiste,#67a9cf,3,60,604,9.933774834437086,819,614,604,24.179620034542314,9.933774834437086,-14.245845200105228
Province Sud,2026,Moindou,droite_nationale,Droite nationale,#7a4a28,5,3,604,0.4966887417218543,819,614,604,2.936096718480138,0.4966887417218543,-2.4394079767582837
Province Sud,2026,Moindou,loyaliste,Droite loyaliste,#305f9f,2,264,604,43.70860927152318,819,614,604,24.352331606217618,43.70860927152318,19.356277665305562
Province Sud,2026,Moindou,oceanien,Éveil océanien,#16a5ad,4,17,604,2.814569536423841,819,614,604,0.17271157167530224,2.814569536423841,2.6418579647485387
Province Sud,2026,Moindou,participation,Participation,#d18b24,6,614,819,74.96947496947497,819,614,604,78.27814569536424,74.96947496947497,-3.3086707258892716
Province Sud,2026,Mont-Dore,bloc_independantiste,Vote indépendantiste,#2f925d,1,2694,12137,22.19658894290187,19241,12525,12137,19.944649446494466,22.19658894290187,2.2519394964074024
Province Sud,2026,Mont-Dore,centre_non_ind,Centre non-indépendantiste,#67a9cf,3,1553,12137,12.795583752162807,19241,12525,12137,17.89667896678967,12.795583752162807,-5.101095214626861
Province Sud,2026,Mont-Dore,droite_nationale,Droite nationale,#7a4a28,5,280,12137,2.3069951388316716,19241,12525,12137,3.8468634686346865,2.3069951388316716,-1.539868329803015
Province Sud,2026,Mont-Dore,loyaliste,Droite loyaliste,#305f9f,2,5552,12137,45.744417895690866,19241,12525,12137,35.87638376383764,45.744417895690866,9.868034131853229
Province Sud,2026,Mont-Dore,oceanien,Éveil océanien,#16a5ad,4,1451,12137,11.955178380159841,19241,12525,12137,11.752767527675276,11.955178380159841,0.20241085248456514
Province Sud,2026,Mont-Dore,participation,Participation,#d18b24,6,12525,19241,65.09536926355179,19241,12525,12137,67.03663921709034,65.09536926355179,-1.9412699535385514
Province Sud,2026,Nouméa,bloc_independantiste,Vote indépendantiste,#2f925d,1,5061,34774,14.55397710933456,53677,35326,34774,12.626034126163391,14.55397710933456,1.9279429831711692
Province Sud,2026,Nouméa,centre_non_ind,Centre non-indépendantiste,#67a9cf,3,4278,34774,12.302294817967447,53677,35326,34774,18.60457600827301,12.302294817967447,-6.302281190305564
Province Sud,2026,Nouméa,droite_nationale,Droite nationale,#7a4a28,5,793,34774,2.2804394087536664,53677,35326,34774,3.874741468459152,2.2804394087536664,-1.5943020597054858
Province Sud,2026,Nouméa,loyaliste,Droite loyaliste,#305f9f,2,21025,34774,60.46183930522805,53677,35326,34774,50.378102378490176,60.46183930522805,10.08373692673787
Province Sud,2026,Nouméa,oceanien,Éveil océanien,#16a5ad,4,2047,34774,5.886581929027434,53677,35326,34774,5.493795243019648,5.886581929027434,0.39278668600778577
Province Sud,2026,Nouméa,participation,Participation,#d18b24,6,35326,53677,65.81217281144625,53677,35326,34774,65.68594904141422,65.81217281144625,0.126223770032027
Province Sud,2026,Païta,bloc_independantiste,Vote indépendantiste,#2f925d,1,1801,9449,19.060218012488093,14755,9660,9449,19.47255880256593,19.060218012488093,-0.4123407900778382
Province Sud,2026,Païta,centre_non_ind,Centre non-indépendantiste,#67a9cf,3,928,9449,9.821145094719018,14755,9660,9449,15.40983606557377,9.821145094719018,-5.588690970854753
Province Sud,2026,Païta,droite_nationale,Droite nationale,#7a4a28,5,216,9449,2.2859561858397712,14755,9660,9449,4.06272273699216,2.2859561858397712,-1.7767665511523885
Province Sud,2026,Païta,loyaliste,Droite loyaliste,#305f9f,2,3988,9449,42.20552439411578,14755,9660,9449,32.98645759087669,42.20552439411578,9.219066803239087
Province Sud,2026,Païta,oceanien,Éveil océanien,#16a5ad,4,2139,9449,22.637316118107737,14755,9660,9449,18.930862437633643,22.637316118107737,3.7064536804740946
Province Sud,2026,Païta,participation,Participation,#d18b24,6,9660,14755,65.46933242968485,14755,9660,9449,67.46773891902001,65.46933242968485,-1.998406489335153
Province Sud,2026,Poya Sud,bloc_independantiste,Vote indépendantiste,#2f925d,1,6,162,3.7037037037037037,202,163,162,2.2900763358778624,3.7037037037037037,1.4136273678258413
Province Sud,2026,Poya Sud,centre_non_ind,Centre non-indépendantiste,#67a9cf,3,11,162,6.790123456790123,202,163,162,32.82442748091603,6.790123456790123,-26.034304024125905
Province Sud,2026,Poya Sud,droite_nationale,Droite nationale,#7a4a28,5,7,162,4.320987654320987,202,163,162,8.396946564885496,4.320987654320987,-4.075958910564509
Province Sud,2026,Poya Sud,loyaliste,Droite loyaliste,#305f9f,2,134,162,82.71604938271605,202,163,162,53.43511450381679,82.71604938271605,29.28093487889926
Province Sud,2026,Poya Sud,oceanien,Éveil océanien,#16a5ad,4,1,162,0.6172839506172839,202,163,162,0,0.6172839506172839,0.6172839506172839
Province Sud,2026,Poya Sud,participation,Participation,#d18b24,6,163,202,80.6930693069307,202,163,162,81.09756097560975,80.6930693069307,-0.40449166867905717
Province Sud,2026,Sarraméa,bloc_independantiste,Vote indépendantiste,#2f925d,1,234,356,65.73033707865169,533,364,356,71.7877094972067,65.73033707865169,-6.057372418555019
Province Sud,2026,Sarraméa,centre_non_ind,Centre non-indépendantiste,#67a9cf,3,48,356,13.48314606741573,533,364,356,13.128491620111731,13.48314606741573,0.3546544473039983
Province Sud,2026,Sarraméa,droite_nationale,Droite nationale,#7a4a28,5,5,356,1.404494382022472,533,364,356,0.27932960893854747,1.404494382022472,1.1251647730839245
Province Sud,2026,Sarraméa,loyaliste,Droite loyaliste,#305f9f,2,31,356,8.707865168539326,533,364,356,8.100558659217876,8.707865168539326,0.6073065093214502
Province Sud,2026,Sarraméa,oceanien,Éveil océanien,#16a5ad,4,19,356,5.337078651685394,533,364,356,1.9553072625698324,5.337078651685394,3.381771389115561
Province Sud,2026,Sarraméa,participation,Participation,#d18b24,6,364,533,68.29268292682927,533,364,356,72.70916334661355,68.29268292682927,-4.416480419784278
Province Sud,2026,Thio,bloc_independantiste,Vote indépendantiste,#2f925d,1,1015,1415,71.73144876325088,2278,1431,1415,78.1094527363184,71.73144876325088,-6.378003973067521
Province Sud,2026,Thio,centre_non_ind,Centre non-indépendantiste,#67a9cf,3,40,1415,2.8268551236749118,2278,1431,1415,6.135986733001658,2.8268551236749118,-3.3091316093267467
Province Sud,2026,Thio,droite_nationale,Droite nationale,#7a4a28,5,4,1415,0.2826855123674912,2278,1431,1415,0.16583747927031509,0.2826855123674912,0.11684803309717609
Province Sud,2026,Thio,loyaliste,Droite loyaliste,#305f9f,2,52,1415,3.674911660777385,2278,1431,1415,4.892205638474295,3.674911660777385,-1.2172939776969103
Province Sud,2026,Thio,oceanien,Éveil océanien,#16a5ad,4,271,1415,19.151943462897528,2278,1431,1415,5.306799336650083,19.151943462897528,13.845144126247444
Province Sud,2026,Thio,participation,Participation,#d18b24,6,1431,2278,62.81826163301141,2278,1431,1415,58.63223338115734,62.81826163301141,4.186028251854069
Province Sud,2026,Yaté,bloc_independantiste,Vote indépendantiste,#2f925d,1,1144,1302,87.86482334869432,1822,1308,1302,87.25901089689857,87.86482334869432,0.6058124517957424
Province Sud,2026,Yaté,centre_non_ind,Centre non-indépendantiste,#67a9cf,3,31,1302,2.380952380952381,1822,1308,1302,8.382229673093043,2.380952380952381,-6.001277292140662
Province Sud,2026,Yaté,droite_nationale,Droite nationale,#7a4a28,5,1,1302,0.07680491551459294,1822,1308,1302,0.4191114836546521,0.07680491551459294,-0.34230656814005916
Province Sud,2026,Yaté,loyaliste,Droite loyaliste,#305f9f,2,12,1302,0.9216589861751152,1822,1308,1302,2.179379715004191,0.9216589861751152,-1.2577207288290757
Province Sud,2026,Yaté,oceanien,Éveil océanien,#16a5ad,4,76,1302,5.837173579109063,1822,1308,1302,0,5.837173579109063,5.837173579109063
Province Sud,2026,Yaté,participation,Participation,#d18b24,6,1308,1822,71.78924259055982,1822,1308,1302,70.59859154929578,71.78924259055982,1.1906510412640472
Province des Iles,2019,Lifou,autres_ind_iles,Autres listes indépendantistes,#b6483b,5,1070,6526,16.395954642966593,10343,6582,6526,16.395954642966593,18.925030440076537,2.529075797109943
Province des Iles,2019,Lifou,bloc_independantiste,Bloc indépendantiste,#2f925d,1,5833,6526,89.38093778731229,10343,6582,6526,89.38093778731229,97.93007479561663,8.549137008304342
Province des Iles,2019,Lifou,dynamique_autochtone,Dynamique autochtone,#d18b24,4,162,6526,2.482378179589335,10343,6582,6526,2.482378179589335,11.758566707253435,9.2761885276641
Province des Iles,2019,Lifou,non_ind_iles,Listes non-indépendantistes,#305f9f,6,693,6526,10.61906221268771,10343,6582,6526,10.61906221268771,2.069925204383371,-8.549137008304339
Province des Iles,2019,Lifou,participation,Participation,#8a6b34,7,6582,10343,63.63724257952238,10343,6582,6526,63.63724257952238,54.1234247590808,-9.51381782044158
Province des Iles,2019,Lifou,uc_flnks,Union calédonienne – FLNKS,#3b7e4f,2,3414,6526,52.3138216365308,10343,6582,6526,52.3138216365308,41.27674378152722,-11.037077855003574
Province des Iles,2019,Lifou,uni_palika,UNI – Palika,#f0c52f,3,1187,6526,18.188783328225558,10343,6582,6526,18.188783328225558,25.969733866759437,7.7809505385338795
Province des Iles,2019,Maré,autres_ind_iles,Autres listes indépendantistes,#b6483b,5,1284,4753,27.01451714706501,6562,4778,4753,27.01451714706501,6.122920517560074,-20.89159662950494
Province des Iles,2019,Maré,bloc_independantiste,Bloc indépendantiste,#2f925d,1,4456,4753,93.75131495897328,6562,4778,4753,93.75131495897328,99.83826247689464,6.0869475179213595
Province des Iles,2019,Maré,dynamique_autochtone,Dynamique autochtone,#d18b24,4,1349,4753,28.38207447927625,6562,4778,4753,28.38207447927625,62.823475046210724,34.441400566934476
Province des Iles,2019,Maré,non_ind_iles,Listes non-indépendantistes,#305f9f,6,297,4753,6.24868504102672,6562,4778,4753,6.24868504102672,0.16173752310536044,-6.0869475179213595
Province des Iles,2019,Maré,participation,Participation,#8a6b34,7,4778,6562,72.81316671746418,6562,4778,4753,72.81316671746418,62.41216119317367,-10.401005524290518
Province des Iles,2019,Maré,uc_flnks,Union calédonienne – FLNKS,#3b7e4f,2,889,4753,18.7039764359352,6562,4778,4753,18.7039764359352,17.49075785582255,-1.213218580112649
Province des Iles,2019,Maré,uni_palika,UNI – Palika,#f0c52f,3,934,4753,19.650746896696823,6562,4778,4753,19.650746896696823,13.401109057301294,-6.249637839395529
Province des Iles,2019,Ouvéa,autres_ind_iles,Autres listes indépendantistes,#b6483b,5,624,2704,23.076923076923077,4300,2739,2704,23.076923076923077,3.8906414300736065,-19.18628164684947
Province des Iles,2019,Ouvéa,bloc_independantiste,Bloc indépendantiste,#2f925d,1,2381,2704,88.05473372781066,4300,2739,2704,88.05473372781066,92.42902208201893,4.374288354208275
Province des Iles,2019,Ouvéa,dynamique_autochtone,Dynamique autochtone,#d18b24,4,25,2704,0.9245562130177515,4300,2739,2704,0.9245562130177515,24.185068349106203,23.26051213608845
Province des Iles,2019,Ouvéa,non_ind_iles,Listes non-indépendantistes,#305f9f,6,323,2704,11.945266272189349,4300,2739,2704,11.945266272189349,7.570977917981073,-4.374288354208276
Province des Iles,2019,Ouvéa,participation,Participation,#8a6b34,7,2739,4300,63.69767441860465,4300,2739,2704,63.69767441860465,44.84750462107209,-18.85016979753256
Province des Iles,2019,Ouvéa,uc_flnks,Union calédonienne – FLNKS,#3b7e4f,2,883,2704,32.655325443786985,4300,2739,2704,32.655325443786985,42.90220820189275,10.246882758105762
Province des Iles,2019,Ouvéa,uni_palika,UNI – Palika,#f0c52f,3,849,2704,31.39792899408284,4300,2739,2704,31.39792899408284,21.451104100946374,-9.946824893136466
Province des Iles,2026,Lifou,autres_ind_iles,Autres listes indépendantistes,#b6483b,5,1088,5749,18.925030440076537,10792,5841,5749,16.395954642966593,18.925030440076537,2.529075797109943
Province des Iles,2026,Lifou,bloc_independantiste,Bloc indépendantiste,#2f925d,1,5630,5749,97.93007479561663,10792,5841,5749,89.38093778731229,97.93007479561663,8.549137008304342
Province des Iles,2026,Lifou,dynamique_autochtone,Dynamique autochtone,#d18b24,4,676,5749,11.758566707253435,10792,5841,5749,2.482378179589335,11.758566707253435,9.2761885276641
Province des Iles,2026,Lifou,non_ind_iles,Listes non-indépendantistes,#305f9f,6,119,5749,2.069925204383371,10792,5841,5749,10.61906221268771,2.069925204383371,-8.549137008304339
Province des Iles,2026,Lifou,participation,Participation,#8a6b34,7,5841,10792,54.1234247590808,10792,5841,5749,63.63724257952238,54.1234247590808,-9.51381782044158
Province des Iles,2026,Lifou,uc_flnks,Union calédonienne – FLNKS,#3b7e4f,2,2373,5749,41.27674378152722,10792,5841,5749,52.3138216365308,41.27674378152722,-11.037077855003574
Province des Iles,2026,Lifou,uni_palika,UNI – Palika,#f0c52f,3,1493,5749,25.969733866759437,10792,5841,5749,18.188783328225558,25.969733866759437,7.7809505385338795
Province des Iles,2026,Maré,autres_ind_iles,Autres listes indépendantistes,#b6483b,5,265,4328,6.122920517560074,6973,4352,4328,27.01451714706501,6.122920517560074,-20.89159662950494
Province des Iles,2026,Maré,bloc_independantiste,Bloc indépendantiste,#2f925d,1,4321,4328,99.83826247689464,6973,4352,4328,93.75131495897328,99.83826247689464,6.0869475179213595
Province des Iles,2026,Maré,dynamique_autochtone,Dynamique autochtone,#d18b24,4,2719,4328,62.823475046210724,6973,4352,4328,28.38207447927625,62.823475046210724,34.441400566934476
Province des Iles,2026,Maré,non_ind_iles,Listes non-indépendantistes,#305f9f,6,7,4328,0.16173752310536044,6973,4352,4328,6.24868504102672,0.16173752310536044,-6.0869475179213595
Province des Iles,2026,Maré,participation,Participation,#8a6b34,7,4352,6973,62.41216119317367,6973,4352,4328,72.81316671746418,62.41216119317367,-10.401005524290518
Province des Iles,2026,Maré,uc_flnks,Union calédonienne – FLNKS,#3b7e4f,2,757,4328,17.49075785582255,6973,4352,4328,18.7039764359352,17.49075785582255,-1.213218580112649
Province des Iles,2026,Maré,uni_palika,UNI – Palika,#f0c52f,3,580,4328,13.401109057301294,6973,4352,4328,19.650746896696823,13.401109057301294,-6.249637839395529
Province des Iles,2026,Ouvéa,autres_ind_iles,Autres listes indépendantistes,#b6483b,5,74,1902,3.8906414300736065,4328,1941,1902,23.076923076923077,3.8906414300736065,-19.18628164684947
Province des Iles,2026,Ouvéa,bloc_independantiste,Bloc indépendantiste,#2f925d,1,1758,1902,92.42902208201893,4328,1941,1902,88.05473372781066,92.42902208201893,4.374288354208275
Province des Iles,2026,Ouvéa,dynamique_autochtone,Dynamique autochtone,#d18b24,4,460,1902,24.185068349106203,4328,1941,1902,0.9245562130177515,24.185068349106203,23.26051213608845
Province des Iles,2026,Ouvéa,non_ind_iles,Listes non-indépendantistes,#305f9f,6,144,1902,7.570977917981073,4328,1941,1902,11.945266272189349,7.570977917981073,-4.374288354208276
Province des Iles,2026,Ouvéa,participation,Participation,#8a6b34,7,1941,4328,44.84750462107209,4328,1941,1902,63.69767441860465,44.84750462107209,-18.85016979753256
Province des Iles,2026,Ouvéa,uc_flnks,Union calédonienne – FLNKS,#3b7e4f,2,816,1902,42.90220820189275,4328,1941,1902,32.655325443786985,42.90220820189275,10.246882758105762
Province des Iles,2026,Ouvéa,uni_palika,UNI – Palika,#f0c52f,3,408,1902,21.451104100946374,4328,1941,1902,31.39792899408284,21.451104100946374,-9.946824893136466
